c6:27:d8:ae:c0:3d,1505750651,d7:5a:26:21:0f:af,Name Unknown,1234567890,General Purpose
c6:27:d8:ae:c0:3d,1505750654,c1:6a:a2:57:75:ed,Name Unknown,1234567890,General Purpose
c6:27:d8:ae:c0:3d,1505750657,f2:6e:44:e6:48:fe,Name Unknown,1234567890,General Purpose
c6:27:d8:ae:c0:3d,1505750663,cb:88:06:8e:eb:b1,Name Unknown,1234567890,General Purpose
c6:27:d8:ae:c0:3d,1505750665,f2:9a:f5:51:19:37,Name Unknown,1234567890,General Purpose
c6:27:d8:ae:c0:3d,1505750669,f3:82:fc:bf:ed:e5,Name Unknown,1234567890,General Purpose
c6:27:d8:ae:c0:3d,1505750679,f4:b9:f0:c9:e8:25,Name Unknown,1234567890,General Purpose
c6:27:d8:ae:c0:3d,1505750682,e5:86:6e:66:50:07,Name Unknown,1234567890,General Purpose
c6:27:d8:ae:c0:3d,1505750686,de:b8:ed:53:f4:49,Name Unknown,1234567890,General Purpose
c2:41:3c:19:b7:7f,1505750658,de:b8:ed:53:f4:49,Name Unknown,1234567890,General Purpose
c2:41:3c:19:b7:7f,1505750661,f3:82:fc:bf:ed:e5,Name Unknown,1234567890,General Purpose
c2:41:3c:19:b7:7f,1505750663,e5:86:6e:66:50:07,Name Unknown,1234567890,General Purpose
c2:41:3c:19:b7:7f,1505750666,f4:b9:f0:c9:e8:25,Name Unknown,1234567890,General Purpose
c2:41:3c:19:b7:7f,1505750681,cb:88:06:8e:eb:b1,Name Unknown,1234567890,General Purpose
c2:41:3c:19:b7:7f,1505750684,f2:9a:f5:51:19:37,Name Unknown,1234567890,General Purpose
c2:41:3c:19:b7:7f,1505750687,f2:6e:44:e6:48:fe,Name Unknown,1234567890,General Purpose
c2:41:3c:19:b7:7f,1505750692,c1:6a:a2:57:75:ed,Name Unknown,1234567890,General Purpose
c2:41:3c:19:b7:7f,1505750694,d7:5a:26:21:0f:af,Name Unknown,1234567890,General Purpose
